spec_id,category,hypothesis,method,signal_inputs,universe,dependent_variable,timing,cost_treatment,classification,expected_sign,limitation,output_artifacts
S01,signal_tests,MOM has positive cross-sectional rank IC with next-month return in each APAC market,"Spearman rank IC per market-month; average, std, ICIR=mean/std, positive freq, months, avg N",mom_12_1,eligible_universe==True and non-null signal+target,next_month_return,form t predict t+1,"none (gross, no extra cost)",PRIMARY,positive,survivor-biased panel; 210 names,results/signal_tests/ic_by_country.csv
S02,signal_tests,LOWRISK (-vol_60) has positive cross-sectional rank IC with next-month return in each APAC market,"Spearman rank IC per market-month; average, std, ICIR, positive freq, months, avg N",-vol_60,eligible_universe==True and non-null signal+target,next_month_return,form t predict t+1,"none (gross, no extra cost)",PRIMARY,positive,survivor-biased panel; low-vol definition -vol_60,results/signal_tests/ic_by_country.csv
S03,signal_tests,Pooled APAC MOM rank IC positive (country-equal),"Average of country IC series, equal-country",mom_12_1,eligible,next_month_return,form t predict t+1,"none (gross, no extra cost)",PRIMARY,positive,pooled only after country results,results/signal_tests/ic_pooled_apac.csv
S04,signal_tests,Pooled APAC LOWRISK rank IC positive (country-equal),"Average of country IC series, equal-country",-vol_60,eligible,next_month_return,form t predict t+1,"none (gross, no extra cost)",PRIMARY,positive,pooled only after country results,results/signal_tests/ic_pooled_apac.csv
S05,signal_tests,BETA secondary rank IC (higher rank=lower beta),Spearman rank IC per market-month; secondary robustness,beta_rank,eligible and beta non-null,next_month_return,form t predict t+1,"none (gross, no extra cost)",ROBUSTNESS,positive,CN NA (no benchmark); secondary only,results/signal_tests/ic_by_country.csv
S06,signal_tests,IVOL secondary rank IC (higher rank=lower ivol),Spearman rank IC per market-month; secondary robustness,ivol_rank,eligible and ivol non-null,next_month_return,form t predict t+1,"none (gross, no extra cost)",ROBUSTNESS,positive,CN NA (no benchmark); secondary only,results/signal_tests/ic_by_country.csv
S07,signal_tests,MOM quintile monotonicity and Q5-Q1 spread,"Within market-month quintiles on eligible sample, equal-weight USD returns",mom_12_1,eligible,next_month_return usd,form t receive t+1,friction scenarios only,PRIMARY,positive,survivor-biased; long-only vs long-short distinguished,results/signal_tests/quintiles_mom.csv
S08,signal_tests,LOWRISK quintile monotonicity and Q5-Q1 spread,"Within market-month quintiles on eligible sample, equal-weight USD returns",-vol_60,eligible,next_month_return usd,form t receive t+1,friction scenarios only,PRIMARY,positive,survivor-biased,results/signal_tests/quintiles_lowrisk.csv
S09,signal_tests,BETA quintile spread (secondary),quintiles on beta_rank; robustness,beta_rank,eligible and beta non-null,next_month_return usd,form t receive t+1,"none (gross, no extra cost)",ROBUSTNESS,positive,CN NA; not core alpha,results/signal_tests/quintiles_beta.csv
S10,signal_tests,IVOL quintile spread (secondary),quintiles on ivol_rank; robustness,ivol_rank,eligible and ivol non-null,next_month_return usd,form t receive t+1,"none (gross, no extra cost)",ROBUSTNESS,positive,CN NA; not core alpha,results/signal_tests/quintiles_ivol.csv
S11,fama_macbeth,MOM and LOWRISK predict next-month returns pooled with market FE,"Monthly cross-sectional OLS, within-market z regressors, market dummies; mean slopes + NW HAC(6)","mom_12_1, -vol_60, lag_ret, logliq",eligible,next_month_return local,form t predict t+1,"none (gross, no extra cost)",PRIMARY,positive,no opportunistic controls,results/fama_macbeth/fm_pooled.csv
S12,fama_macbeth,MOM predicts per country,Separate per-country monthly FM regressions,"mom_12_1, controls",eligible,next_month_return local,form t predict t+1,"none (gross, no extra cost)",PRIMARY,positive,CN included for MOM,results/fama_macbeth/fm_by_country.csv
S13,fama_macbeth,LOWRISK predicts per country,Separate per-country monthly FM regressions,"-vol_60, controls",eligible,next_month_return local,form t predict t+1,"none (gross, no extra cost)",PRIMARY,positive,CN included for LOWRISK,results/fama_macbeth/fm_by_country.csv
S14,jkp_validation,Our MOM Q5-Q1 correlates with JKP country momentum on common dates,"Inner join exact month-end; corr, paired n, cumulative, pre/post 2020","mom_12_1, jkp momentum",eligible,own Q5-Q1 usd,realisation month match,"none (gross, no extra cost)",ROBUSTNESS,positive,different methodology & unit basis documented,results/jkp_validation/jkp_momentum.csv
S15,jkp_validation,Our LOWRISK Q5-Q1 correlates with JKP country low_risk on common dates,"Inner join exact month-end; corr, paired n, cumulative, pre/post 2020","-vol_60, jkp low_risk",eligible,own Q5-Q1 usd,realisation month match,"none (gross, no extra cost)",ROBUSTNESS,positive,different methodology & unit basis documented,results/jkp_validation/jkp_lowrisk.csv
S16,jkp_validation,French Japan Mkt-RF cross-checks our Japan benchmark excess return,Monthly aggregation of daily French; correlation on common dates,French Japan Mkt-RF,eligible,own Japan benchmark usd excess,common month-end,"none (gross, no extra cost)",EXPLORATORY,positive,not a signal validation,results/jkp_validation/french_crosscheck.csv
S17,jkp_validation,French Asia-Pacific ex Japan Mkt-RF cross-checks 6-market APAC benchmark,Monthly aggregation; correlation on common dates,French APAC ex JP Mkt-RF,eligible,6-market APAC benchmark usd excess,common month-end,"none (gross, no extra cost)",EXPLORATORY,positive,aggregate != HK/SG; not a signal validation,results/jkp_validation/french_crosscheck.csv
S18,jkp_validation,AQR replication data is unavailable,Record NOT_AVAILABLE; no network access,na,na,na,na,none,EXPLORATORY,na,not present in approved inputs,results/jkp_validation/aqr_status.csv
S19,portfolio,1/N equal-country baseline OOS performance,Equal-weight eligible name per country; equal-country APAC,na,eligible,usd net return,receive t+1,all scenarios,PRIMARY,na,baseline,results/portfolio/final_apac_table.csv
S20,portfolio,Momentum top-quintile country sleeve OOS,Top quintile mom per country-month; equal-weight; equal-country,mom_12_1,eligible,usd net return,receive t+1,all scenarios,PRIMARY,positive,q=top only,results/portfolio/final_apac_table.csv
S21,portfolio,Low-Risk top-quintile country sleeve OOS,Top quintile -vol_60 per country-month; equal-weight; equal-country,-vol_60,eligible,usd net return,receive t+1,all scenarios,PRIMARY,positive,low-vol orientation,results/portfolio/final_apac_table.csv
S22,portfolio,Composite 50/50 z-score top-quintile OOS,0.5 z(MOM)+0.5 z(LOWRISK) per market-month; top quintile; equal-country,"mom_12_1, -vol_60",eligible,usd net return,receive t+1,all scenarios,PRIMARY,positive,fixed transparent primary combined signal,results/portfolio/final_apac_table.csv
S23,portfolio,Optimized long-only MV sleeve improves OOS net vs 1/N,"Expanding FM forecast, LW covariance 36m/24obs, lambda=5, SLSQP simplex","mom_12_1, -vol_60, controls",eligible,usd net return,receive t+1,all scenarios,PRIMARY,positive,claim only if OOS net improves; fallback EW recorded,results/portfolio/final_apac_table.csv
S24,transaction_costs,Cost scenarios change ranking; net vs gross,Deduct turnover*5/15/30bps one-way; dated CN/HK taxes,na,eligible,net return,receive t+1,5/15/30bps gross->net,PRIMARY,negative,illustrative friction range not official,results/transaction_costs/cost_sensitivity.csv
S25,transaction_costs,Dated taxes apply only from verified effective dates,CN seller 5bp >=2023-08-28; HK 10bp/side >=2023-11-17,na,mkt in CN/HK,net return,receive t+1,dated tax,PRIMARY,negative,other jurisdictions unverified; no backfill,results/transaction_costs/tax_coverage.csv
S26,robustness,LOWRISK with vol_252 instead of vol_60,Repeat IC/quintile/summary with vol_252,-vol_252,eligible,next_month_return usd,form t receive t+1,"none (gross, no extra cost)",ROBUSTNESS,positive,robustness only,results/robustness/vol252_ic.csv
S27,robustness,Sample covariance instead of Ledoit-Wolf in optimizer,Repeat optimized sleeve with sample covariance,port opt,eligible,usd net return,receive t+1,all scenarios,ROBUSTNESS,na,robustness only,results/robustness/optimizer_sample_cov.csv
S28,robustness,Alternative investor turnover entry convention,Initial weight counted as full one-way instead of 0.5,na,eligible,usd turnover,receive t+1,"none (gross, no extra cost)",ROBUSTNESS,na,convention documented,results/robustness/turnover_conventions.csv
S29,robustness,Sample attrition under eligibility gate,Count rows and names lost to each eligibility mask,na,panel,count,na,none,EXPLORATORY,na,transparency,results/robustness/sample_attrition.csv
S30,multiple_testing,Nominal t-stats are not discovery; multiplicity sensitivity,Bonferroni/Sidak across small primary family; HLZ/Feng/HXZ context,na,na,na,na,none,EXPLORATORY,na,no fishing; pre-specified,results/robustness/multiplicity.csv
S31,robustness,Country concentration and HHI of portfolios,HHI of country weights and name weights; risk contribution via sleeve covariance,na,eligible,weights,receive t+1,none,EXPLORATORY,na,ultra-concentrated panels,results/portfolio/concentration.csv
S32,robustness,Best/worst year and drawdown across portfolios,Annual compounding of monthly net returns,na,eligible,usd net return,receive t+1,all,PRIMARY,na,survivorship,results/portfolio/final_apac_table.csv
S33,robustness,"MOM 6-1 window (t-6..t-2, exclude t-1) retains a positive IC/Q5-Q1","Gap-aware 5-cell compounded window; pooled and per-country Spearman IC and equal-country Q5-Q1",mom_6_1,eligible_universe==True and non-null signal+target,next_month_return rank and usd Q5-Q1,form t receive t+1,"none (gross, no extra cost)",ROBUSTNESS,positive,robustness only; shorter window noisier,results/robustness/robustness_summary.csv
S34,robustness,LOWRISK robustness repeats with vol_252 instead of vol_60,Repeat pooled/per-country IC and Q5-Q1 with -vol_252,-vol_252,eligible_universe==True and non-null signal+target,next_month_return,form t receive t+1,"none (gross, no extra cost)",ROBUSTNESS,positive,robustness only; already present as S26,results/robustness/robustness_summary.csv
S35,robustness,"Liquidity cutoff bottom 10%/20%/40% does not reverse MOM/LOWRISK signs","Fixed monthly within-market quantile eligibility rule; IC and equal-weight Q5-Q1 for MOM+LOWRISK","mom_12_1, -vol_60",core gates plus fixed cutoff,next_month_return rank and usd Q5-Q1,form t receive t+1,"none (gross, no extra cost)",ROBUSTNESS,positive,no Sharpe tuning; cutoff rule fixed,results/robustness/robustness_summary.csv
S36,robustness,"Liquidity-aware top-quintile weights are a sensitivity, not a recommended factor","Top-quintile weights proportional to lagged trailing median daily traded value within country vs equal weights; gross and net",mom_12_1 and -vol_60,eligible and top quintile,usd net return,receive t+1,"gross and 15bps net",ROBUSTNESS,na,liquidity weighting sensitivity only,results/robustness/robustness_summary.csv
S37,robustness,Pooled MOM/LOWRISK IC and Q5-Q1 differ across developed and emerging groups,Predeclared Developed JP/HK/SG vs Emerging CN/IN/KR/TW pooled country-equal,"mom_12_1, -vol_60",eligible by group,next_month_return rank and usd Q5-Q1,form t receive t+1,"none (gross, no extra cost)",ROBUSTNESS,na,CN beta/IVOL NA,results/robustness/robustness_summary.csv
S38,robustness,Primary MOM/LOWRISK relations hold in both 2016-2019 and 2020-2025,Pooled country-equal IC and Q5-Q1 per subperiod; 2026 incomplete excluded,"mom_12_1, -vol_60",eligible,next_month_return rank and usd Q5-Q1,form t receive t+1,"none (gross, no extra cost)",ROBUSTNESS,na,regime dependence,results/robustness/robustness_summary.csv
S39,robustness,Excluding survivor-bias markets does NOT cure survivorship,Full 7-market vs CN/HK-only composite IC and Q5-Q1; report delisting coverage,composite_z,eligible or CN/HK,next_month_return rank and usd Q5-Q1,form t receive t+1,"none (gross, no extra cost)",ROBUSTNESS,na,CN/HK delisting coverage 0/N so bias remains,results/robustness/robustness_summary.csv
S40,robustness,Country leave-one-out composite/1N/optimized net returns have no single-country dependency,"Recompute equal-country APAC net return excluding each market one at a time","composite, 1n, optimized",eligible,usd net return,receive t+1,"15bps net plus dated taxes",ROBUSTNESS,na,CN benchmark missing; record all skipped/NA,results/robustness/robustness_summary.csv
