portfolio,scenario,cagr,vol,sharpe,max_dd,mean_turnover,tax_cagr
1/N,gross,0.15974526316411253,0.15523814587491105,0.8902692958381282,-0.20520090024044968,0.026651017905063294,2.754569277674257e-05
1/N,cost_5bps,0.15953020964354248,0.155239044237779,0.8890567455364119,-0.20524161191133583,0.026651017905063294,2.754569277674257e-05
1/N,cost_15bps,0.15916268600811834,0.15524438355321793,0.886969205544543,-0.20532303110427175,0.026651017905063294,2.754569277674257e-05
1/N,cost_30bps,0.15861159811336734,0.15525240673275786,0.8838380807001078,-0.20544514952193493,0.026651017905063294,2.754569277674257e-05
Momentum,gross,0.23143384681188528,0.18679717331530063,1.0918201448796518,-0.2518445796433373,0.2416451335055986,0.0003579195982061911
Momentum,cost_5bps,0.22924978796017048,0.18677539182869363,1.0822626772416049,-0.2533728740353648,0.2416451335055986,0.0003579195982061911
Momentum,cost_15bps,0.22574647674708648,0.1867739191416192,1.0667642962893382,-0.2564207050925291,0.2416451335055986,0.0003579195982061911
Momentum,cost_30bps,0.22050854523302488,0.1867722586383287,1.0435137237836358,-0.2609706352366079,0.2416451335055986,0.0003579195982061911
Low Risk,gross,0.12030916796123825,0.12927097762245046,0.772787606390454,-0.25678350527351856,0.2563307493540052,0.0002855539982449251
Low Risk,cost_5bps,0.11829244080333279,0.1292241818515092,0.758918777960336,-0.2589595302951193,0.2563307493540052,0.0002855539982449251
Low Risk,cost_15bps,0.11489217769338222,0.12918522877951077,0.7353102565527319,-0.26329329826084946,0.2563307493540052,0.0002855539982449251
Low Risk,cost_30bps,0.10980941015559464,0.12912781246311517,0.6998652475063741,-0.26974848950136743,0.2563307493540052,0.0002855539982449251
Composite,gross,0.14729515635823254,0.13957626725219904,0.8957122504462802,-0.23298312239881214,0.3098621877691645,0.00034111932484126584
Composite,cost_5bps,0.14480122742479073,0.13956868709019402,0.8799944744101016,-0.23634885855054588,0.3098621877691645,0.00034111932484126584
Composite,cost_15bps,0.14059323560322112,0.1395838250306684,0.8532984694009329,-0.24303790944752635,0.3098621877691645,0.00034111932484126584
Composite,cost_30bps,0.134307688151994,0.13960738352625612,0.8132599930414086,-0.2529662842302316,0.3098621877691645,0.00034111932484126584
Optimized,gross,0.1285364158648341,0.13878953430859725,0.7815414348874856,-0.21179419800939037,0.14343044681578732,0.00016357127234978286
Optimized,cost_5bps,0.12739241407834578,0.13878629011841134,0.7741646164103678,-0.21318502545956663,0.14343044681578732,0.00016357127234978286
Optimized,cost_15bps,0.12546995127856775,0.13879527748013903,0.7617064687800168,-0.21595962062315854,0.14343044681578732,0.00016357127234978286
Optimized,cost_30bps,0.12259185526728644,0.13880898376365408,0.7430210334122478,-0.22010392120598077,0.14343044681578732,0.00016357127234978286
