,1/N,Momentum,Low Risk,Composite,Optimized
2011-03,0.034453005856811506,0.018021645581972244,0.01530480506832349,0.02260306071303341,
2011-04,0.04033525683698875,0.051319368388783294,0.022360294478308198,0.04072405013801218,
2011-05,-0.013217986188437395,0.012813956197281068,-0.005892599694814909,0.023341095662203253,
2011-06,-0.0031033239920618605,0.009414913398507519,0.014801740973153015,0.017153337566070664,
2011-07,0.01845613420594325,0.029129400012396185,0.01516726041191262,0.04155177580804252,
2011-08,-0.08934128382822638,-0.07268329368757147,-0.07523396616556437,-0.07158246352402944,
2011-09,-0.10183222522397899,-0.10899761557222616,-0.053844382316029636,-0.08627478716181564,
2011-10,0.1024351520087149,0.08635687334108533,0.048944799473553756,0.07640714302887473,
2011-11,-0.09284180187689732,-0.09516308818311851,-0.05138575517045594,-0.05519177902791156,
2011-12,-0.004640278117703867,-0.009659184278648977,0.011812908922559772,-0.002019421534416774,
2012-01,0.10336157543561082,0.04078727259252102,0.03642358895288111,0.011292949553588824,
2012-02,0.06419515060294384,0.05298187568548558,0.04597866352628875,0.04633152517671492,
2012-03,-0.029167189968825287,0.0014308739877222135,-0.018691609856178633,-0.016132561341854264,
2012-04,0.0016533923524092427,0.03432651787534352,0.0046845165874737985,0.020390065427519973,
2012-05,-0.07650796617239063,-0.05769080571913178,-0.07096733854133858,-0.05789176139636474,
2012-06,0.03319802768596765,0.03246484042950369,0.029034619308831406,0.038811266755851434,
2012-07,0.020554905741455874,0.01466506936631034,0.016160324921589184,0.02667812148451153,
2012-08,-0.0011962588558449333,0.019505774166039345,0.020497807650395113,0.017053642434717384,
2012-09,0.06702911465058618,0.07576050008186226,0.0470455787709668,0.05543646036929619,
2012-10,-0.01445216114790694,-0.02677219468365647,-0.010183355704764158,-0.00788634101109841,
2012-11,0.02180964757561742,0.04690431223612753,0.023262064414690208,0.03131531640324362,
2012-12,0.05401430673904878,0.034939405040546836,0.05400663246096775,0.03075243992066925,
2013-01,0.033212897262623046,0.05167736507299242,0.03612675944467879,0.05877988320816444,
2013-02,-0.009041701016878378,0.0011441158502494956,-0.02073444109956037,-0.012943661847422641,
2013-03,-0.009945132624804889,-0.001755620909303493,-0.008830102682455054,0.01902275267930717,0.017713907397611712
2013-04,0.03374351274585508,0.06476989569464499,0.026417375064720305,0.05493142153395505,0.04111816122574151
2013-05,-0.00575605709055503,0.013478577756896726,-0.012254101153477586,-0.011690967673004168,-0.015247410987175223
2013-06,-0.051556528806916836,-0.030429681301623324,-0.047584319346995585,-0.03423257179446681,-0.026026367258362333
2013-07,0.03401367067015275,0.02464254154941878,0.023225521631485994,0.021104558753856733,0.05870602280610109
2013-08,-0.01844827076038147,0.0011627215643386659,-0.012568261432525837,-0.019720269663619363,-0.036856378353234374
2013-09,0.07509943474173844,0.0904437869137739,0.05583671173476988,0.08610409467213088,0.07080782546181201
2013-10,0.03273254575138944,0.04654895844906253,0.027447855682604144,0.028930417231166794,0.014492489219627152
2013-11,0.00755566588419407,0.007513051740316698,0.0071974790571449785,0.003746442526916094,-0.0012376763888043033
2013-12,0.002242169777939996,0.02640642233407922,-0.006056541712282651,0.014029301976690159,-0.0011770633650549267
2014-01,-0.05062201094542541,-0.024829580396499747,-0.03743673666556606,-0.019215183045718974,-0.03709399023902295
2014-02,0.018854403843629793,0.03482287240323332,0.011880076121440984,0.01994495840456483,0.029333149415007725
2014-03,0.01842791563302027,-0.038644341025050266,0.0065598612284657794,-0.02491890747262685,0.007701176862027475
2014-04,0.019133420059761565,0.0016271900099835202,0.00527475450276863,-0.01949234586082561,0.011812976380313233
2014-05,0.036429889539731655,0.020867097590039452,0.04463438053264272,0.039147034815199704,0.022352930417270555
2014-06,0.02579856868574307,0.0537305724186166,0.025458741422602044,0.03774772423015614,0.03207127037776066
2014-07,0.04559006276836699,0.03386953683973854,0.046893312327945566,0.0319687847510956,0.04241205578219693
2014-08,0.010064955610307135,0.014388345670647285,0.012212018791867733,0.020611564630950353,0.00924214007808762
2014-09,-0.03974336395189212,-0.06621042515400032,-0.006862677704136673,-0.04167705208746934,-0.037331543386697974
2014-10,0.017349906163917538,0.0475631071004302,0.021148094653546758,0.03073512969211605,0.009020422765355132
2014-11,0.009834392213100179,0.0014202493879250343,0.016493068432403217,0.007129346578665566,-0.00022701708638714346
2014-12,1.044881361466193,1.4417323255523382,1.4495668386343616,1.403499138762632,1.0267151608149117
2015-01,-0.10743319932897041,-0.13709480356338083,-0.13905095996537997,-0.11660690096431767,-0.0948032244333029
2015-02,0.018994694049060106,0.01944514084369916,0.02134328269354829,0.0024523492843749706,0.016077246313542758
2015-03,0.00943944337518326,0.019274491277257944,0.027909397896513293,0.035583052223269074,0.002791559749981915
2015-04,0.08903352069201129,0.09099025906750863,0.07320481049115626,0.07095336953919651,0.07272667430040745
2015-05,-0.021319213302025544,-0.035375539204878,0.0027931133374286474,-0.004665168189427137,-0.013569991586059062
2015-06,-0.02761723194865179,-0.040611779830687325,-0.01792257306796819,-0.02600773655025292,-0.027853452015935438
2015-07,-0.052745593083432504,-0.07104490616933647,-0.018469335570488042,-0.02253196011310337,-0.04801913703391299
2015-08,-0.08176656750485664,-0.07668139053449399,-0.07684883357739014,-0.08684764618258414,-0.08174306761106
2015-09,-0.034061719055454506,-0.04809922697253051,-0.012086869179901455,-0.013746245740419785,-0.024735318158273685
2015-10,0.0825515368337644,0.06198706315828215,0.057541718864457615,0.05835287735242221,0.062193875882846895
2015-11,-0.02709279450712231,-0.01431974216827595,-0.01673740310924229,-0.011525994328625761,-0.03836113876189267
2015-12,0.00736083516617148,-0.0010287103215111358,0.004224776298593921,0.0007951526537425552,0.023522503900180586
2016-01,-0.0892648332995384,-0.07083593064955597,-0.07435996041310171,-0.06477179674087749,-0.06158605509593344
2016-02,-0.002933233336491261,-0.013404787796182288,-0.01192162299792038,-0.0163096212803324,0.007034026296845339
2016-03,0.10780849182626825,0.11284634539394754,0.08747697688973118,0.1030219450075389,0.08750085603875839
2016-04,0.005732993483282522,0.012897416759235248,0.006393159871958066,0.012933208778063981,0.008673124435273499
2016-05,0.005893258334302429,-0.0056257894080706085,-0.013518355407033599,-0.006108869497305689,-0.00884755075609808
2016-06,0.01234559606406788,0.015895776232779227,0.01989884108642567,0.01907702970038128,0.019124699455609222
2016-07,0.055076361728036254,0.04778808500332682,0.04152410365939256,0.038023038539132636,0.04348308514276914
2016-08,0.031176016777902722,0.01013698554061734,0.02233665615183723,0.016902437644434592,0.001427847122838901
2016-09,0.009909403830384213,0.016527702015494496,0.0051144158749431195,0.008156310032352676,-0.0042366053742368326
2016-10,-0.0018710316564696623,0.006207058842770497,-0.01219890043533174,-0.006031963301005136,-0.004027022351298224
2016-11,-0.007531225888906896,-0.013403242696879904,-0.027121677918942017,-0.02380744813920582,-0.023222877068319405
2016-12,-0.019522134674887448,-0.03627189544107054,-0.006769956934987935,-0.022784666692981168,-0.022995453339351987
2017-01,0.06028694224840446,0.09686628335831314,0.03107063090081011,0.0701731836085291,0.060725049692484157
2017-02,0.04530633700371179,0.019340917720513894,0.04302108775934025,0.023307630132233553,0.03612383225422012
2017-03,0.033465691002016906,0.05353624860303566,0.02265375387702019,0.0398973350797792,0.03971990896265065
2017-04,0.009715854190679529,0.01958630964881027,0.01554740997126843,0.01966385418014881,0.0007446095206339517
2017-05,0.0485931384055947,0.05276278269595284,0.04921599752810076,0.03752276703770359,0.044561910759726105
2017-06,0.02538239228141604,0.08237258642188772,0.01680093977904808,0.046007912479947344,0.01724995743275932
2017-07,0.043553082416583004,0.06184287860609985,0.04979595701991182,0.05924639193269912,0.031156804183555983
2017-08,0.01565871135800075,0.01861637425287223,0.015580264041943665,0.006963540578278746,0.014933646236945888
2017-09,-0.002438029814615028,0.016386067222033594,-0.008995526887232584,0.008197816211616063,-0.000444320258591774
2017-10,0.057667904827882144,0.06742956182275067,0.025212157138791255,0.06159097420246965,0.05131823136063616
2017-11,0.019994293888205873,0.02804974927382628,0.01898477773675009,0.021636575489730664,0.009413449517657832
2017-12,0.02422792841494312,0.01697441143343119,0.02324387032506604,0.026473175239383976,0.02641405859921549
2018-01,0.07588228090636402,0.0626781278466171,0.07704549654893011,0.06343556006390096,0.07927264603640881
2018-02,-0.041814162392548614,-0.04011697111087094,-0.05675085221883038,-0.05430608615805416,-0.039927858765997984
2018-03,-0.014218610867732129,0.016138843128677277,-0.012995598089079255,0.002661243675789493,-0.021495605197612695
2018-04,0.00833937955005203,-0.007045666426106308,0.014095901278500312,9.894654090712978e-05,0.004075709212279977
2018-05,-0.011763388031344857,0.017231490333577387,-0.015098957476536454,-0.018227694798067944,-0.009526129287286429
2018-06,-0.038496952620517784,-0.04821917972306126,-0.030376352791503067,-0.04731955032940186,-0.026635247385957714
2018-07,0.016165865157590695,0.00713878299675239,0.03069256640965122,0.0221940638862665,0.01464990581149583
2018-08,-0.010124911923462477,0.004925686431866131,-0.01424500522031936,-0.008357881642026688,-0.002902327851651415
2018-09,0.0045438589503270215,-0.00972306343180406,0.014561507931701337,0.0173759244358672,0.023374984314244455
2018-10,-0.0962142737935332,-0.12322368410944258,-0.06566904880449219,-0.10346249920200185,-0.09555755109050434
2018-11,0.031342380959255144,0.014377175588081758,0.017286616675801194,0.017614906608744627,0.006761657994989964
2018-12,-0.026025015038513934,-0.05511870087091836,-0.015098181616407753,-0.030559444599665055,-0.023340575206227173
2019-01,0.07053905544765146,0.041423427514019694,0.034229272136418305,0.04208086281666851,0.05100027724012709
2019-02,0.030975095936471717,0.03990601325818791,0.005020997014024583,0.023575810646382114,0.018427760840105917
2019-03,0.01530093801218201,0.002360198477904486,0.004544761964155247,0.0056245282743360445,0.0002852121144860503
2019-04,0.030571242183728635,0.021728134126781016,0.020257757463882097,0.01651519320971836,0.019167910856667855
2019-05,-0.05712392225043506,-0.047043137801737106,-0.015541077674146706,-0.020657359182022737,-0.05183727483216536
2019-06,0.0627057148696783,0.06971858412155181,0.028939958686810614,0.0517876442444861,0.05368348040717546
2019-07,-0.009565415176928323,0.004590004407085569,-0.026979638619036062,-0.005545830314907382,-0.005170403362031651
2019-08,-0.04324877273485338,-0.03511058402161144,-0.04952268833971621,-0.03908718715315632,-0.05384035067394714
2019-09,0.029096924114668344,0.015182213144543337,0.041761832207304006,0.0221263121978762,0.02130744265694116
2019-10,0.04739814236294783,0.028162991998178597,0.024107100308201762,0.028893360303045332,0.04206222561673732
2019-11,0.0029034528550862418,-0.004706963816799394,-0.01290218762454916,-0.012810762385428368,0.0023164537053249504
2019-12,0.053336135088201446,0.04900669678644068,0.03152922189835006,0.03917785967975677,0.049975225976470375
2020-01,-0.03609070396979578,-0.029932238261942853,-0.024464026879280464,-0.02761583397639657,-0.03557268543243604
2020-02,-0.042534897858296714,-0.04442771663805157,-0.05738322944958593,-0.04584223371001148,-0.0393567343391431
2020-03,-0.138811455590447,-0.11933589858136939,-0.14311011221820077,-0.11746839280693479,-0.11595598870553343
2020-04,0.10407131478034695,0.1188256276492619,0.0925874103492713,0.09451948122355426,0.08630159749267709
2020-05,-0.002852276463849408,0.04530980899841666,0.006647551440653396,0.03931166273207257,-0.008669055930010577
2020-06,0.0675519585690836,0.10907788447260537,0.02926973165430517,0.06381569057378593,0.05361426752788535
2020-07,0.06517684381863172,0.12085191566086062,0.036471032094443086,0.0728212379466955,0.061941097322277774
2020-08,0.04723267748948312,0.03703703369084988,0.02139218393894386,0.020583230480683678,0.010672449102370368
2020-09,-0.012827172333405742,0.004683480460312047,-0.011612884775864465,-0.020413333737364803,-0.024541419950222965
2020-10,0.020839212705909188,0.030059313094691967,0.02067294724926387,0.01421918052336111,0.01592331789953994
2020-11,0.1290786486759277,0.09998976736924166,0.09058999011068293,0.08280841782911041,0.11687498036386611
2020-12,0.09099638868475925,0.13184717110296704,0.09360335100107992,0.1164041580794939,0.07259020247044512
2021-01,0.007992122758006917,0.014313301041111089,-0.006477580557164696,0.04699324356271948,0.012390593026522794
2021-02,0.04962148289754515,0.02761054386003488,0.04522361849895958,0.0016502702062596748,0.034643262769503955
2021-03,0.01566844379310075,0.0093776097759542,0.0454808559945794,0.014152714671538155,0.023219198292840307
2021-04,0.05212195804057956,0.16772224550898485,0.004779500536356077,0.04868923687831381,0.026284673304401155
2021-05,0.03550580365429305,0.07612438158450298,0.030805243300903246,0.027275711564346206,0.019434776089416565
2021-06,0.005025107861891277,0.1188284084671772,-0.018149203731602764,0.01984624300527738,-0.003293074874112368
2021-07,-0.034667412996588855,-0.03899016232086974,-0.03872033036814134,-0.028651571372308334,-0.023314203292913106
2021-08,0.021249529590897247,0.03974696165398025,0.034800931392350014,0.03170129479681794,0.013675024278338957
2021-09,-0.009261588256544153,-0.03614982314907436,0.00762831965578076,-0.010719327327550618,-0.0033837024285765524
2021-10,0.0037836830584348263,-0.015041715917208855,-0.010450561612966714,0.00906147916172967,0.002318623335935722
2021-11,-0.038615842975312405,-0.02981112722746716,-0.03579683859233562,-0.02904921784720142,-0.03326782370478605
2021-12,0.042367172781200134,0.03245216547469498,0.05726344163179988,0.03756582314173148,0.03792363999599015
2022-01,-0.01964614893194157,-0.07272990945830715,0.011645395273372933,-0.019075427001433803,-0.020693212133907853
2022-02,0.00808566664959919,0.04106209675024346,-4.430103518018319e-05,0.018702710538740928,0.01214536417688104
2022-03,0.007928785475986754,0.01337617227224063,0.00686000868757922,0.0274043631390298,0.02011767005393427
2022-04,-0.04965794763939637,-0.059183885807789015,-0.03560227608822508,-0.0518671188415773,-0.045507018040849986
2022-05,0.007530877074215271,0.013287259036782418,0.008420018955978673,0.013711453328287326,-0.003720522356724237
2022-06,-0.052100837954519655,-0.0647585151550893,-0.05426701163316275,-0.07504178191538613,-0.05228034936686661
2022-07,0.022067015344929195,-0.0027491900811278426,0.011426264445892481,0.007499437352556464,0.015085636725140544
2022-08,-0.01155336186818831,0.010933467003300825,-0.01589656913010506,-0.0017860047895584454,-0.0015226729251843
2022-09,-0.09757325549458302,-0.08080120788110098,-0.06576966051044995,-0.06699503547102383,-0.07831013278354924
2022-10,-0.012956366328604594,-0.025836951491551432,-0.03399923073284005,-0.027991164006046107,-0.012605892266929491
2022-11,0.13887644471982213,0.0973404251828922,0.09073269539787343,0.08603057095841966,0.11229199105995814
2022-12,0.004856758219962621,-0.002220876643980863,0.018367978050088895,0.0027246616699734306,-0.003926535550474378
2023-01,0.07291490012255489,0.05626288287539827,0.0532798270917292,0.046837219652280715,0.06864862082495948
2023-02,-0.02775514446854025,-0.024497622762973476,-0.0296737254575655,-0.026691898934743052,-0.03353466114788319
2023-03,0.025800477372348418,0.028093537539628233,0.030670410222344912,0.04303827102939952,0.030853473210709283
2023-04,0.005748202625982329,0.02051049723830614,0.01897860947099201,0.02065325556349771,0.031923641072730775
2023-05,-0.0050959772327128375,-0.016845597094963537,-0.004907261970173402,-0.01533254315057297,-0.003835284636412417
2023-06,0.022931078735411493,0.03207955444156322,0.0045517630569933,0.00800641814770811,0.018576889298186423
2023-07,0.06329434523448728,0.10456587520055717,0.034942334130608634,0.05549026051998928,0.05008970530767563
2023-08,-0.05313330011792922,-0.045284035185207315,-0.04173215823056889,-0.035427463627944224,-0.04384036879411689
2023-09,-0.010995559482399034,0.0003098778914560965,0.009151803723101396,0.011865745831401533,-0.008467467830147627
2023-10,-0.043793539457647766,-0.06869419418688434,-0.030444024624100882,-0.053556828146881674,-0.03404558358460982
2023-11,0.06440517243768906,0.08922499666040855,0.05727662195006858,0.0701770456169452,0.06381325424810115
2023-12,0.04489498763337073,0.06203492386154109,0.03958648852812582,0.04861356633062569,0.04563045547709056
2024-01,-0.03188861800843098,0.00019409738506402305,-0.01318329944966721,0.022508409740971232,-0.015748139688612158
2024-02,0.03777472888923623,0.08522425285656637,0.024641833548451383,0.04079863191824096,0.031438797172810215
2024-03,0.019425455313390984,0.04219540858306365,0.030169861301104425,0.03999032312657639,0.03339410992488168
2024-04,0.003086272552646336,0.0065941942060759665,0.001156665492063884,0.0034774354399105868,0.003077855386542288
2024-05,0.016303867791913625,0.02729918305359323,0.014671201707588294,0.01075792682870779,0.01853985218506716
2024-06,0.008089707062174198,0.03924260226345658,0.008991603081399404,0.034448106464094595,0.00970659948650683
2024-07,0.0172921519478695,-0.009949304836260124,0.0577259575075327,0.02973605906059293,0.03762528400869542
2024-08,0.02313923682097121,0.013376047486322346,0.027215436599493395,0.014580576943962323,0.018136108122365307
2024-09,0.07769534805511734,0.025362618621929452,0.0486983757291172,0.02057731616030133,0.044988857537604114
2024-10,-0.05038725282608949,-0.02347432595864185,-0.02866812314116635,-0.02965652643640149,-0.03889525553981601
2024-11,-0.014300164558750047,-0.02010579108868545,0.007715315220725952,-0.003091286194456887,-0.011884454318243148
2024-12,-0.012752880259669969,-0.01412939022436993,0.00251374758023775,-0.001292433637770981,0.004776332492541159
2025-01,0.005073416052825723,-0.0005919991451727551,0.010771693627395931,0.01424872212781214,0.010945115205648333
2025-02,-0.0002160001358552268,0.00026883793489371747,-0.007636592246380314,0.0011504985687574626,-0.012092169521090068
2025-03,0.007411103508683391,-0.005583548166271139,0.027163160368024783,0.022407914927824745,0.010021402272699582
2025-04,0.010921150184271434,0.004627013520947261,0.025812389821830345,0.024875475764922286,0.02043267870920524
2025-05,0.059797725155954336,0.08749229748212008,0.0740295080990363,0.06822117969424026,0.06830813170496974
2025-06,0.04642617877033234,0.048216967520086064,0.04572721086834325,0.051481716399752096,0.04718168002301496
2025-07,0.025714461919521283,0.022124710715386204,0.00649681056753853,-0.013623754432792434,0.021046643644721513
2025-08,0.02132682938939964,0.022253481084822238,0.010602453212103423,0.007558460938996541,0.014165001901060586
2025-09,0.018611361610456283,0.021904200320017376,0.010867415934891315,-0.016215710402058825,0.02239182196554115
2025-10,0.04518540843937324,0.04933156550679744,0.029692939041287735,0.01591866216766195,0.02788709872162573
2025-11,-0.0017399623693421602,-0.016447867475501903,0.014300832474505795,0.013357937422460801,-0.016717720737405222
2025-12,0.023600199636257892,0.031427558500873025,0.015315311615027333,0.00308573831410848,0.02167350571298484
2026-01,0.059552900146887446,0.0779762483955798,0.012146409854217216,0.05444990636580543,0.04847953741414639
2026-02,0.05715008182004904,0.07641416826316043,0.04969225973401103,0.057120519993225705,0.07820902739515409
2026-03,-0.10118709595499091,-0.12633266447144328,-0.0550142587206503,-0.08694386931500821,-0.10299287221105159
2026-04,0.09196405707208481,0.15977394880581797,0.04026158645760704,0.1034700426149479,0.07711199325325802
2026-05,0.047949139181878334,0.13667368818275863,0.003996029841310447,0.012568989626732302,0.0073722329575029106
2026-06,-0.033596812853124644,-0.02124673368662038,-0.02566277257676265,-0.036918252178150306,-0.041418225712482534
2026-07,0.05704067390770895,-0.0047838318074655386,0.10258418366371379,0.03959064923719061,0.08438511848226274
2026-08,0.04446248447433576,0.08044162562349509,0.01786935579122476,0.030471647511918703,0.04374183752746944
2026-09,-0.013994003090439373,0.007865046040671122,0.003240413067126831,-0.00014710767108686942,-0.013980133043311024
